geometry,id,previousId,sendingTime,created,tasks,startTime,endTime,direction,domain,source,1000m,500m,100m
"LINESTRING Z (440938.2472899101 6900996.033447771 0, 440886.29422965704 6900941.455285971 0, 440896.297902022 6900951.64223711 0)",103611726.0,103611607.0,2024-04-29 19:06:17+00:00,2024-04-29 19:08:20+00:00,['BRUSHING'],2024-04-29 19:06:17+00:00,2024-04-29 19:09:17+00:00,,state-roads,Harja/Väylävirasto,True,False,False
"LINESTRING Z (440896.297902022 6900951.64223711 0, 440884.5558449378 6900940.148706586 0, 440857.5796625305 6900890.0350045115 0, 440843.5167087974 6900823.426140275 0, 440849.9225231407 6900862.535757751 0)",103611840.0,103611726.0,2024-04-29 19:09:17+00:00,2024-04-29 19:11:21+00:00,['BRUSHING'],2024-04-29 19:09:17+00:00,2024-04-29 19:12:17+00:00,,state-roads,Harja/Väylävirasto,True,False,False
"LINESTRING Z (440853.455015361 6900838.739754624 0, 440854.9594908563 6900862.224362024 0, 440866.4217810449 6900896.230924118 0, 440893.4332291249 6900942.444136747 0)",103614446.0,103614356.0,2024-04-29 20:20:07+00:00,2024-04-29 20:22:41+00:00,['BRUSHING'],2024-04-29 20:20:07+00:00,2024-04-29 20:23:07+00:00,,state-roads,Harja/Väylävirasto,True,False,False
"LINESTRING Z (440893.4332291249 6900942.444136747 0, 440942.35176316364 6900992.952878757 0, 440957.89117641543 6900998.697201178 0, 440946.6274702367 6900996.66634099 0, 440954.95535495033 6901003.205789946 0)",103614530.0,103614446.0,2024-04-29 20:23:07+00:00,2024-04-29 20:25:42+00:00,['BRUSHING'],2024-04-29 20:23:07+00:00,2024-04-29 20:26:07+00:00,,state-roads,Harja/Väylävirasto,True,False,False
"LINESTRING Z (440950.403560973 6901010.416983793 0, 440917.28322926705 6900980.3560588155 0, 440884.81088933256 6900936.91284893 0, 440865.39400404494 6900902.823167599 0, 440854.46510724246 6900869.587220535 0, 440847.4123864227 6900823.246226406 0, 440854.5750484698 6900656.982998035 0)",103618269.0,103618209.0,2024-04-29 22:29:26+00:00,2024-04-29 22:32:11+00:00,['BRUSHING'],2024-04-29 22:29:26+00:00,2024-04-29 22:31:03+00:00,,state-roads,Harja/Väylävirasto,True,False,False
"LINESTRING Z (440842.0122937175 6900563.38249676 0, 440853.3631341059 6900620.567749578 0, 440850.0400600177 6900792.334813705 0, 440853.43120031984 6900849.214291536 0, 440863.32634075906 6900894.613924586 0, 440884.6254255088 6900941.150325137 0, 440957.7561196119 6901011.7364995815 0, 440949.78729155357 6901001.959366988 0, 440955.94856747176 6901003.522640492 0)",103618618.0,103618579.0,2024-04-29 22:41:47+00:00,2024-04-29 22:44:14+00:00,['BRUSHING'],2024-04-29 22:41:47+00:00,2024-04-29 22:43:58+00:00,,state-roads,Harja/Väylävirasto,True,False,False
"LINESTRING Z (441390.034591924 6902082.6757306 0, 441368.40781851707 6902055.307460567 0, 441280.61076333176 6902012.045656152 0, 441202.1360536644 6901952.24338377 0, 441164.54998377943 6901906.881424531 0, 441098.76308926684 6901800.283169484 0)",103761207.0,,2024-04-30 22:24:09+00:00,2024-04-30 22:26:50+00:00,['BRUSHING'],2024-04-30 22:24:12+00:00,2024-04-30 22:25:13+00:00,,state-roads,Harja/Väylävirasto,True,False,False
"LINESTRING Z (441098.76308926684 6901800.283169484 0, 441024.01163709816 6901704.317406627 0, 440939.8249368315 6901642.504057218 0, 440819.04271200625 6901601.170377213 0, 440688.6161160917 6901596.670494511 0)",103761223.0,103761207.0,2024-04-30 22:25:10+00:00,2024-04-30 22:27:50+00:00,['BRUSHING'],2024-04-30 22:25:13+00:00,2024-04-30 22:26:14+00:00,,state-roads,Harja/Väylävirasto,True,False,False
"LINESTRING Z (440688.6161160917 6901596.670494511 0, 440422.0883716802 6901604.834734728 0, 440228.3478217674 6901579.300604156 0)",103761237.0,103761223.0,2024-04-30 22:26:11+00:00,2024-04-30 22:28:50+00:00,['BRUSHING'],2024-04-30 22:26:14+00:00,2024-04-30 22:27:15+00:00,,state-roads,Harja/Väylävirasto,True,True,True
"LINESTRING Z (440228.3478217674 6901579.300604156 0, 439999.6834503871 6901548.27178642 0, 439752.0334283427 6901534.089691839 0)",103761248.0,103761237.0,2024-04-30 22:27:12+00:00,2024-04-30 22:29:50+00:00,['BRUSHING'],2024-04-30 22:27:15+00:00,2024-04-30 22:28:16+00:00,,state-roads,Harja/Väylävirasto,True,True,True
"LINESTRING Z (439752.0334283427 6901534.089691839 0, 439568.6946927784 6901518.212702821 0, 439225.3405108307 6901437.150182661 0)",103761261.0,103761248.0,2024-04-30 22:28:13+00:00,2024-04-30 22:30:50+00:00,['BRUSHING'],2024-04-30 22:28:16+00:00,2024-04-30 22:29:17+00:00,,state-roads,Harja/Väylävirasto,True,True,False
"LINESTRING Z (439225.3405108307 6901437.150182661 0, 439103.43868046 6901416.066170057 0, 439002.93386393884 6901411.312745249 0, 438833.0998426426 6901421.305003896 0, 438685.2503669711 6901448.287933392 0)",103761273.0,103761261.0,2024-04-30 22:29:14+00:00,2024-04-30 22:31:50+00:00,['BRUSHING'],2024-04-30 22:29:17+00:00,2024-04-30 22:30:36+00:00,,state-roads,Harja/Väylävirasto,True,False,False
"LINESTRING Z (438808.2161934838 6901473.46033155 0, 438986.210758377 6901492.290091666 0, 439124.48609450227 6901453.236532918 0, 439178.8886594886 6901449.466798801 0, 439459.56855397753 6901507.806361499 0)",103761319.0,103761309.0,2024-04-30 22:33:24+00:00,2024-04-30 22:35:51+00:00,['BRUSHING'],2024-04-30 22:33:27+00:00,2024-04-30 22:34:28+00:00,,state-roads,Harja/Väylävirasto,True,False,False
"LINESTRING Z (439459.56855397753 6901507.806361499 0, 439659.28311765805 6901555.697708674 0, 440101.08798841224 6901729.428528153 0)",103761335.0,103761319.0,2024-04-30 22:34:25+00:00,2024-04-30 22:36:51+00:00,['BRUSHING'],2024-04-30 22:34:28+00:00,2024-04-30 22:37:28+00:00,,state-roads,Harja/Väylävirasto,True,True,False
"LINESTRING Z (440101.08798841224 6901729.428528153 0, 440158.88757056353 6901767.845070337 0, 440264.98761835543 6901866.020941222 0, 440281.493582231 6901870.742071047 0, 440293.84350413975 6901863.837179568 0, 440300.22410667356 6901871.969547155 0)",103761373.0,103761335.0,2024-04-30 22:37:25+00:00,2024-04-30 22:39:51+00:00,['BRUSHING'],2024-04-30 22:37:28+00:00,2024-04-30 22:40:28+00:00,,state-roads,Harja/Väylävirasto,True,True,False
"LINESTRING Z (440300.22410667356 6901871.969547155 0, 440300.1721543499 6901871.9704692755 0)",103761408.0,103761373.0,2024-04-30 22:40:25+00:00,2024-04-30 22:42:52+00:00,['BRUSHING'],2024-04-30 22:40:28+00:00,2024-04-30 22:42:08+00:00,,state-roads,Harja/Väylävirasto,True,True,False
"LINESTRING Z (440300.1721543499 6901871.9704692755 0, 440304.5659090351 6901894.066531048 0, 440311.2220045475 6901903.085447336 0, 440333.0417172907 6901923.200930578 0, 440346.49123685696 6901922.628081528 0, 440350.78068543563 6901915.420657365 0, 440357.21469955106 6901818.141934182 0, 440353.21936093096 6901715.922512668 0, 440345.74142649234 6901669.3670841465 0, 440329.7046093872 6901632.546233344 0, 440300.9556343661 6901608.653750014 0)",103761431.0,103761408.0,2024-04-30 22:42:05+00:00,2024-04-30 22:44:52+00:00,['BRUSHING'],2024-04-30 22:42:08+00:00,2024-04-30 22:44:09+00:00,,state-roads,Harja/Väylävirasto,True,True,False
"LINESTRING Z (440300.9556343661 6901608.653750014 0, 440272.87613580097 6901593.218094756 0, 440203.23531690275 6901575.846957424 0, 440302.4742309213 6901609.295363177 0, 440237.28487141524 6901587.944577652 0, 440072.24261334765 6901557.229694408 0, 439839.7395133413 6901538.42568142 0)",103761457.0,103761431.0,2024-04-30 22:44:06+00:00,2024-04-30 22:46:52+00:00,['BRUSHING'],2024-04-30 22:44:09+00:00,2024-04-30 22:45:10+00:00,,state-roads,Harja/Väylävirasto,True,True,True
"LINESTRING Z (439839.7395133413 6901538.42568142 0, 439536.4526051539 6901511.437828 0, 439241.4498510729 6901436.970618919 0, 439109.7318234917 6901416.286541841 0, 438943.21618741105 6901411.504642311 0, 438744.1890443148 6901436.739923915 0)",103761469.0,103761457.0,2024-04-30 22:45:07+00:00,2024-04-30 22:47:52+00:00,['BRUSHING'],2024-04-30 22:45:10+00:00,2024-04-30 22:47:11+00:00,,state-roads,Harja/Väylävirasto,True,True,False
"LINESTRING Z (438860.55942618847 6901476.520028155 0, 439000.1537592635 6901493.040085346 0, 439114.3444917186 6901455.760063066 0, 439170.97277355817 6901448.607072672 0, 439601.25464921223 6901542.699202482 0)",103761521.0,103761506.0,2024-04-30 22:49:14+00:00,2024-04-30 22:51:52+00:00,['BRUSHING'],2024-04-30 22:49:17+00:00,2024-04-30 22:50:18+00:00,,state-roads,Harja/Väylävirasto,True,False,False
"LINESTRING Z (439601.25464921223 6901542.699202482 0, 440096.1804561879 6901728.178793205 0, 440165.297286855 6901771.742431396 0, 440277.4461792657 6901876.942440878 0)",103761536.0,103761521.0,2024-04-30 22:50:15+00:00,2024-04-30 22:52:53+00:00,['BRUSHING'],2024-04-30 22:50:18+00:00,2024-04-30 22:51:53+00:00,,state-roads,Harja/Väylävirasto,True,True,False
"LINESTRING Z (440277.4461792657 6901876.942440878 0, 440332.49593994534 6901924.659168229 0, 440347.01667912735 6901922.953044361 0, 440352.9511894964 6901903.0137311695 0, 440362.9449615321 6901763.218095485 0, 440354.4394644382 6901690.941162614 0, 440339.511476009 6901646.300696049 0, 440296.6423826248 6901602.824653437 0, 440249.1844255337 6901590.74172793 0)",103761560.0,103761536.0,2024-04-30 22:51:50+00:00,2024-04-30 22:54:53+00:00,['BRUSHING'],2024-04-30 22:51:53+00:00,2024-04-30 22:53:29+00:00,,state-roads,Harja/Väylävirasto,True,True,True
"LINESTRING Z (440249.1844255337 6901590.74172793 0, 440255.0555294495 6901590.637446704 0, 440037.56002669164 6901550.493528437 0, 439662.032936419 6901529.351425091 0, 439483.482981384 6901502.361806801 0)",103761576.0,103761560.0,2024-04-30 22:53:26+00:00,2024-04-30 22:55:53+00:00,['BRUSHING'],2024-04-30 22:53:29+00:00,2024-04-30 22:54:30+00:00,,state-roads,Harja/Väylävirasto,True,True,True
"LINESTRING Z (439483.482981384 6901502.361806801 0, 439226.7470698888 6901434.450497592 0, 439003.65321861784 6901410.853988988 0, 438830.5720612641 6901422.3538217 0, 438552.05246272346 6901472.001178377 0, 438394.2808925724 6901487.701091073 0)",103761589.0,103761576.0,2024-04-30 22:54:27+00:00,2024-04-30 22:56:53+00:00,['BRUSHING'],2024-04-30 22:54:30+00:00,2024-04-30 22:57:17+00:00,,state-roads,Harja/Väylävirasto,True,False,False
"LINESTRING Z (439124.991999019 6901403.641836863 0, 439235.2766616619 6901420.367904723 0, 439473.76375409483 6901482.145355696 0, 439604.49549124646 6901506.092685593 0, 440080.3386133672 6901536.13710784 0)",103761827.0,103761816.0,2024-04-30 23:15:23+00:00,2024-04-30 23:17:55+00:00,['BRUSHING'],2024-04-30 23:15:26+00:00,2024-04-30 23:17:22+00:00,,state-roads,Harja/Väylävirasto,True,True,False
"LINESTRING Z (440080.3386133672 6901536.13710784 0, 440274.1934967446 6901547.398069055 0, 440322.0986607123 6901564.15337103 0, 440347.0832615762 6901586.77566477 0, 440361.2277877374 6901613.601690442 0, 440369.5294714906 6901647.996971279 0, 440369.94878445053 6901715.625898696 0)",103761850.0,103761827.0,2024-04-30 23:17:19+00:00,2024-04-30 23:19:55+00:00,['BRUSHING'],2024-04-30 23:17:22+00:00,2024-04-30 23:19:27+00:00,,state-roads,Harja/Väylävirasto,True,True,True
"LINESTRING Z (440369.94878445053 6901715.625898696 0, 440358.9148515641 6901858.337048421 0, 440359.9374056954 6901918.935380566 0, 440355.4818183284 6901937.288472259 0, 440332.271440442 6901938.368715004 0, 440254.1429570363 6901858.19078514 0)",103761873.0,103761850.0,2024-04-30 23:19:24+00:00,2024-04-30 23:21:56+00:00,['BRUSHING'],2024-04-30 23:19:27+00:00,2024-04-30 23:20:28+00:00,,state-roads,Harja/Väylävirasto,True,True,False
"LINESTRING Z (440254.1429570363 6901858.19078514 0, 440156.18596556503 6901767.8931348305 0, 440088.95319022384 6901725.076114269 0, 439648.717814518 6901560.678638815 0)",103761883.0,103761873.0,2024-04-30 23:20:25+00:00,2024-04-30 23:22:56+00:00,['BRUSHING'],2024-04-30 23:20:28+00:00,2024-04-30 23:21:29+00:00,,state-roads,Harja/Väylävirasto,True,True,False
"LINESTRING Z (439648.717814518 6901560.678638815 0, 439566.24910965055 6901535.416528106 0, 439183.82717160694 6901452.386074757 0, 439126.8701560572 6901452.859107154 0, 438982.5924366039 6901496.255711131 0)",103761893.0,103761883.0,2024-04-30 23:21:26+00:00,2024-04-30 23:23:56+00:00,['BRUSHING'],2024-04-30 23:21:29+00:00,2024-04-30 23:22:30+00:00,,state-roads,Harja/Väylävirasto,True,False,False
"LINESTRING Z (438777.955027775 6901407.153853832 0, 439017.471213061 6901393.22066562 0, 439164.44388969126 6901406.605293894 0, 439315.3279836408 6901438.088523009 0)",103762077.0,103762065.0,2024-04-30 23:35:50+00:00,2024-04-30 23:37:58+00:00,['BRUSHING'],2024-04-30 23:35:53+00:00,2024-04-30 23:36:54+00:00,,state-roads,Harja/Väylävirasto,True,False,False
"LINESTRING Z (439315.3279836408 6901438.088523009 0, 439563.8141370641 6901498.243367686 0, 439733.6148562706 6901518.485453481 0, 439948.647223117 6901528.0112433145 0)",103762088.0,103762077.0,2024-04-30 23:36:51+00:00,2024-04-30 23:38:58+00:00,['BRUSHING'],2024-04-30 23:36:54+00:00,2024-04-30 23:37:55+00:00,,state-roads,Harja/Väylävirasto,True,True,False
"LINESTRING Z (439948.647223117 6901528.0112433145 0, 440236.77583103103 6901538.814154019 0, 440297.909768026 6901548.314199941 0, 440344.9903795385 6901580.127142431 0, 440362.1096790822 6901610.577518575 0, 440372.51933651976 6901655.409597995 0)",103762101.0,103762088.0,2024-04-30 23:37:52+00:00,2024-04-30 23:39:58+00:00,['BRUSHING'],2024-04-30 23:37:55+00:00,2024-04-30 23:39:14+00:00,,state-roads,Harja/Väylävirasto,True,True,True
"LINESTRING Z (440372.51933651976 6901655.409597995 0, 440368.5543146449 6901780.612732179 0, 440359.07401621086 6901890.759576695 0, 440359.4433493406 6901940.895325182 0, 440422.04155524814 6902007.087985369 0, 440474.78245736146 6902042.033720617 0)",103762120.0,103762101.0,2024-04-30 23:39:11+00:00,2024-04-30 23:41:58+00:00,['BRUSHING'],2024-04-30 23:39:14+00:00,2024-04-30 23:40:15+00:00,,state-roads,Harja/Väylävirasto,True,True,False
"LINESTRING Z (440474.78245736146 6902042.033720617 0, 440580.0295526631 6902110.594622785 0, 440657.8210050477 6902231.34527143 0, 440789.2562628913 6902350.595533981 0, 440845.7006183706 6902372.1104429355 0, 440906.8234192776 6902381.95566056 0, 440956.49509885086 6902378.854635976 0, 441040.3966746213 6902354.317202054 0)",103762133.0,103762120.0,2024-04-30 23:40:12+00:00,2024-04-30 23:42:58+00:00,['BRUSHING'],2024-04-30 23:40:15+00:00,2024-04-30 23:41:19+00:00,,state-roads,Harja/Väylävirasto,True,False,False
"LINESTRING Z (438878.52594953193 6901401.202246274 0, 439059.25851264736 6901401.71197187 0, 439265.43251700676 6901432.414711 0)",103762654.0,103762644.0,2024-05-01 00:33:55+00:00,2024-05-01 00:36:04+00:00,['BRUSHING'],2024-05-01 00:33:58+00:00,2024-05-01 00:34:59+00:00,,state-roads,Harja/Väylävirasto,True,False,False
"LINESTRING Z (439265.43251700676 6901432.414711 0, 439516.2303728839 6901496.758596568 0, 439682.51834706357 6901518.175551341 0)",103762662.0,103762654.0,2024-05-01 00:34:56+00:00,2024-05-01 00:37:04+00:00,['BRUSHING'],2024-05-01 00:34:59+00:00,2024-05-01 00:36:00+00:00,,state-roads,Harja/Väylävirasto,True,False,False
"LINESTRING Z (439682.51834706357 6901518.175551341 0, 440105.3444902915 6901548.171659772 0)",103762893.0,103762662.0,2024-05-01 00:35:57+00:00,2024-05-01 00:38:05+00:00,['BRUSHING'],2024-05-01 00:36:00+00:00,2024-05-01 00:37:01+00:00,,state-roads,Harja/Väylävirasto,True,True,True
"LINESTRING Z (440105.3444902915 6901548.171659772 0, 440370.2434974688 6901588.593577385 0, 440543.89190826623 6901588.974098141 0)",103762903.0,103762893.0,2024-05-01 00:36:58+00:00,2024-05-01 00:39:05+00:00,['BRUSHING'],2024-05-01 00:37:01+00:00,2024-05-01 00:38:02+00:00,,state-roads,Harja/Väylävirasto,True,True,True
"LINESTRING Z (440543.89190826623 6901588.974098141 0, 440796.5691085257 6901585.186075799 0, 440871.8246137078 6901599.907901859 0, 440959.34385137295 6901638.261467451 0)",103762913.0,103762903.0,2024-05-01 00:37:59+00:00,2024-05-01 00:40:06+00:00,['BRUSHING'],2024-05-01 00:38:02+00:00,2024-05-01 00:39:03+00:00,,state-roads,Harja/Väylävirasto,True,True,False
"LINESTRING Z (440959.34385137295 6901638.261467451 0, 441034.57179109735 6901695.998115415 0, 441110.27637072274 6901787.044644608 0, 441166.5564741591 6901843.333094739 0, 441262.79093431134 6901896.2502333205 0)",103762921.0,103762913.0,2024-05-01 00:39:00+00:00,2024-05-01 00:41:06+00:00,['BRUSHING'],2024-05-01 00:39:03+00:00,2024-05-01 00:40:21+00:00,,state-roads,Harja/Väylävirasto,True,False,False
"LINESTRING Z (441411.44410328893 6902139.3531086035 0, 441409.5247085653 6902118.661201995 0, 441394.5376039942 6902087.611457087 0, 441368.95595932304 6902053.960785644 0, 441263.0187849604 6902001.544450491 0, 441199.6703575882 6901947.940847737 0, 441067.1296572916 6901747.798119898 0, 440998.1535633693 6901676.022758827 0)",103762947.0,103762929.0,2024-05-01 00:42:18+00:00,2024-05-01 00:45:06+00:00,['BRUSHING'],2024-05-01 00:42:21+00:00,2024-05-01 00:43:22+00:00,,state-roads,Harja/Väylävirasto,True,False,False
"LINESTRING Z (440998.1535633693 6901676.022758827 0, 440897.3434173654 6901620.63054583 0, 440797.5631348594 6901594.417018024 0, 440401.6931743904 6901606.533149913 0, 440035.96887625847 6901554.533281974 0)",103762955.0,103762947.0,2024-05-01 00:43:19+00:00,2024-05-01 00:46:06+00:00,['BRUSHING'],2024-05-01 00:43:22+00:00,2024-05-01 00:44:23+00:00,,state-roads,Harja/Väylävirasto,True,True,True
"LINESTRING Z (440035.96887625847 6901554.533281974 0, 439614.5355743471 6901523.963751374 0, 439451.114581982 6901494.364307182 0, 439177.63035494665 6901425.866782473 0, 438968.971953733 6901410.14585703 0)",103762964.0,103762955.0,2024-05-01 00:44:20+00:00,2024-05-01 00:47:06+00:00,['BRUSHING'],2024-05-01 00:44:23+00:00,2024-05-01 00:45:32+00:00,,state-roads,Harja/Väylävirasto,True,True,False
"LINESTRING Z (439083.6326884593 6901395.810538139 0, 439271.94454536727 6901424.608612318 0, 439456.0634823554 6901474.7753450265 0, 439585.24490310834 6901499.1955503 0)",103763153.0,103763143.0,2024-05-01 01:07:36+00:00,2024-05-01 01:10:08+00:00,['BRUSHING'],2024-05-01 01:07:39+00:00,2024-05-01 01:08:40+00:00,,state-roads,Harja/Väylävirasto,True,False,False
"LINESTRING Z (439585.24490310834 6901499.1955503 0, 440119.3936060431 6901543.241590107 0)",103763164.0,103763153.0,2024-05-01 01:08:37+00:00,2024-05-01 01:11:08+00:00,['BRUSHING'],2024-05-01 01:08:40+00:00,2024-05-01 01:09:41+00:00,,state-roads,Harja/Väylävirasto,True,True,True
"LINESTRING Z (440119.3936060431 6901543.241590107 0, 440384.02315033844 6901583.112257493 0, 440652.19973639684 6901579.930166545 0)",103763172.0,103763164.0,2024-05-01 01:09:38+00:00,2024-05-01 01:12:08+00:00,['BRUSHING'],2024-05-01 01:09:41+00:00,2024-05-01 01:10:42+00:00,,state-roads,Harja/Väylävirasto,True,True,True
"LINESTRING Z (440652.19973639684 6901579.930166545 0, 440802.2392777979 6901576.617838386 0, 440905.56090803555 6901603.215007772 0, 441007.1437336554 6901661.156739548 0, 441050.59029827197 6901699.617288301 0, 441096.7593411967 6901757.084676482 0)",103763185.0,103763172.0,2024-05-01 01:10:39+00:00,2024-05-01 01:13:08+00:00,['BRUSHING'],2024-05-01 01:10:42+00:00,2024-05-01 01:11:43+00:00,,state-roads,Harja/Väylävirasto,True,True,False
"LINESTRING Z (441096.7593411967 6901757.084676482 0, 441131.0995330361 6901800.942759639 0, 441177.3145795239 6901843.367788614 0, 441290.6218269795 6901906.795564258 0, 441370.17373761133 6901992.654928946 0, 441398.03954302706 6902038.07703387 0, 441418.03941665206 6902085.419184081 0)",103763195.0,103763185.0,2024-05-01 01:11:40+00:00,2024-05-01 01:14:08+00:00,['BRUSHING'],2024-05-01 01:11:43+00:00,2024-05-01 01:12:49+00:00,,state-roads,Harja/Väylävirasto,True,False,False
"LINESTRING Z (438389.75063252595 6901456.026863435 0, 438596.6024661009 6901443.887704061 0, 438893.7420499744 6901400.480109248 0, 439054.85959315865 6901399.897381525 0, 439236.74596124317 6901424.018492451 0, 439528.06893309165 6901498.9971749745 0, 439778.85783189564 6901525.698005642 0)",103813333.0,103813311.0,2024-05-02 00:07:58+00:00,2024-05-02 00:10:31+00:00,['BRUSHING'],2024-05-02 00:08:01+00:00,2024-05-02 00:09:02+00:00,,state-roads,Harja/Väylävirasto,True,True,False
"LINESTRING Z (439778.85783189564 6901525.698005642 0, 440080.23359163984 6901544.830321776 0, 440403.9226333745 6901591.562399657 0, 440815.90876656526 6901585.514317092 0, 440878.29959610733 6901598.679824387 0, 440930.7031866867 6901620.267428057 0, 440990.6269333072 6901658.772204893 0, 441067.87330654 6901727.951125212 0)",103813351.0,103813333.0,2024-05-02 00:08:59+00:00,2024-05-02 00:11:31+00:00,['BRUSHING'],2024-05-02 00:09:02+00:00,2024-05-02 00:10:03+00:00,,state-roads,Harja/Väylävirasto,True,True,True
"LINESTRING Z (441067.87330654 6901727.951125212 0, 441148.7787799281 6901825.258692267 0, 441271.843612935 6901893.863622307 0, 441304.2416802627 6901921.934729585 0, 441382.0046972883 6902015.5140143735 0, 441395.87900758267 6902039.340372312 0, 441416.6094515454 6902095.806763387 0, 441427.56654863403 6902107.315709443 0, 441454.3174246314 6902115.65262588 0, 441482.5130532257 6902108.476326444 0, 441632.39595647005 6902007.705121835 0)",103813375.0,103813351.0,2024-05-02 00:10:00+00:00,2024-05-02 00:12:31+00:00,['BRUSHING'],2024-05-02 00:10:03+00:00,2024-05-02 00:10:04+00:00,,state-roads,Harja/Väylävirasto,True,False,False
"LINESTRING Z (439714.02044239314 6901535.884998547 0, 439515.4815062866 6901510.031980996 0, 439219.1130981308 6901434.811274043 0, 439040.61312738695 6901413.972608014 0, 438861.1356499257 6901419.569649608 0, 438524.74354515446 6901476.51155395 0)",103961526.0,,2024-05-02 19:52:12+00:00,2024-05-02 19:54:37+00:00,['BRUSHING'],2024-05-02 19:52:15+00:00,2024-05-02 19:53:19+00:00,,state-roads,Harja/Väylävirasto,True,True,False
"LINESTRING Z (439103.0799744125 6901459.418233469 0, 439158.6786489733 6901449.943681347 0, 439240.04337523517 6901456.941651296 0, 439461.227526677 6901513.347902696 0)",103962654.0,103962605.0,2024-05-02 20:21:32+00:00,2024-05-02 20:23:47+00:00,['BRUSHING'],2024-05-02 20:21:35+00:00,2024-05-02 20:23:04+00:00,,state-roads,Harja/Väylävirasto,True,False,False
"LINESTRING Z (439461.227526677 6901513.347902696 0, 439650.0587052416 6901554.303197402 0, 439823.2647397236 6901622.736825274 0)",103962722.0,103962654.0,2024-05-02 20:23:01+00:00,2024-05-02 20:25:47+00:00,['BRUSHING'],2024-05-02 20:23:04+00:00,2024-05-02 20:25:03+00:00,,state-roads,Harja/Väylävirasto,True,True,False
"LINESTRING Z (439823.2647397236 6901622.736825274 0, 439986.4793935324 6901679.2118541505 0, 440029.17982510664 6901704.301481601 0, 440074.4771458785 6901714.74836749 0, 440168.501702771 6901776.58823791 0)",103962792.0,103962722.0,2024-05-02 20:25:01+00:00,2024-05-02 20:27:48+00:00,['BRUSHING'],2024-05-02 20:25:03+00:00,2024-05-02 20:26:04+00:00,,state-roads,Harja/Väylävirasto,True,True,False
"LINESTRING Z (440168.501702771 6901776.58823791 0, 440440.1452031636 6902019.915764306 0)",103962831.0,103962792.0,2024-05-02 20:26:01+00:00,2024-05-02 20:28:48+00:00,['BRUSHING'],2024-05-02 20:26:04+00:00,2024-05-02 20:27:20+00:00,,state-roads,Harja/Väylävirasto,True,True,False
"LINESTRING Z (440440.1452031636 6902019.915764306 0, 440573.2014379532 6902106.481033846 0, 440599.2941600799 6902133.319741541 0, 440660.2251577499 6902229.185733977 0, 440750.34001186176 6902318.298542429 0)",103962870.0,103962831.0,2024-05-02 20:27:17+00:00,2024-05-02 20:29:49+00:00,['BRUSHING'],2024-05-02 20:27:20+00:00,2024-05-02 20:28:27+00:00,,state-roads,Harja/Väylävirasto,True,True,False
"LINESTRING Z (440750.34001186176 6902318.298542429 0, 440822.68035659636 6902363.155588141 0, 440916.13125268865 6902382.349247076 0, 440977.6984776618 6902373.133928281 0, 441174.377740729 6902308.29154338 0)",103962902.0,103962870.0,2024-05-02 20:28:24+00:00,2024-05-02 20:30:49+00:00,['BRUSHING'],2024-05-02 20:28:27+00:00,2024-05-02 20:31:27+00:00,,state-roads,Harja/Väylävirasto,True,False,False
"LINESTRING Z (441038.8094441016 6902361.587778631 0, 440937.54584032635 6902388.658686344 0, 440855.45729689964 6902380.295859151 0, 440771.2312945135 6902345.007315522 0, 440705.44923810655 6902286.107321265 0)",103963124.0,103963020.0,2024-05-02 20:33:48+00:00,2024-05-02 20:36:50+00:00,['BRUSHING'],2024-05-02 20:33:51+00:00,2024-05-02 20:35:57+00:00,,state-roads,Harja/Väylävirasto,True,False,False
"LINESTRING Z (440705.44923810655 6902286.107321265 0, 440652.85574066953 6902232.658588258 0, 440573.77723069023 6902112.599355675 0, 440441.01517872524 6902033.828768773 0)",103963203.0,103963124.0,2024-05-02 20:35:54+00:00,2024-05-02 20:38:51+00:00,['BRUSHING'],2024-05-02 20:35:57+00:00,2024-05-02 20:38:01+00:00,,state-roads,Harja/Väylävirasto,True,False,False
"LINESTRING Z (440441.01517872524 6902033.828768773 0, 440370.6358460222 6901974.236501009 0, 440345.7359917863 6901962.086755746 0, 440325.79447209835 6901933.580820878 0, 440168.93627378554 6901783.489009665 0)",103963288.0,103963203.0,2024-05-02 20:37:59+00:00,2024-05-02 20:40:52+00:00,['BRUSHING'],2024-05-02 20:38:01+00:00,2024-05-02 20:40:05+00:00,,state-roads,Harja/Väylävirasto,True,True,False
"LINESTRING Z (440168.93627378554 6901783.489009665 0, 440114.55018976505 6901744.120108177 0, 440062.9507790821 6901718.296559866 0, 439797.17511701136 6901614.066584493 0)",103963372.0,103963288.0,2024-05-02 20:40:02+00:00,2024-05-02 20:42:52+00:00,['BRUSHING'],2024-05-02 20:40:05+00:00,2024-05-02 20:42:09+00:00,,state-roads,Harja/Väylävirasto,True,True,False
"LINESTRING Z (439797.17511701136 6901614.066584493 0, 439623.02490151656 6901550.99975991 0, 439530.0243554235 6901526.818996135 0, 439497.6087545035 6901527.736138627 0, 439421.90261644754 6901502.913040459 0)",103963455.0,103963372.0,2024-05-02 20:42:06+00:00,2024-05-02 20:44:53+00:00,['BRUSHING'],2024-05-02 20:42:09+00:00,2024-05-02 20:44:10+00:00,,state-roads,Harja/Väylävirasto,True,True,False
"LINESTRING Z (439421.90261644754 6901502.913040459 0, 439168.13760158967 6901452.781181632 0, 438987.5986093632 6901497.167765054 0)",103963527.0,103963455.0,2024-05-02 20:44:07+00:00,2024-05-02 20:46:53+00:00,['BRUSHING'],2024-05-02 20:44:10+00:00,2024-05-02 20:46:07+00:00,,state-roads,Harja/Väylävirasto,True,False,False
"LINESTRING Z (438807.40642070037 6901471.803635073 0, 438983.59870085004 6901491.557470514 0, 439032.7738915087 6901483.311616607 0, 439122.44916680857 6901449.8191200085 0, 439168.3804563875 6901446.091100915 0, 439304.3202248346 6901473.275519993 0)",103963754.0,103963715.0,2024-05-02 20:50:15+00:00,2024-05-02 20:52:55+00:00,['BRUSHING'],2024-05-02 20:50:18+00:00,2024-05-02 20:51:19+00:00,,state-roads,Harja/Väylävirasto,True,False,False
"LINESTRING Z (439304.3202248346 6901473.275519993 0, 439658.5776956669 6901556.936068213 0, 439913.1423584597 6901655.672724807 0)",103963790.0,103963754.0,2024-05-02 20:51:16+00:00,2024-05-02 20:53:55+00:00,['BRUSHING'],2024-05-02 20:51:19+00:00,2024-05-02 20:52:20+00:00,,state-roads,Harja/Väylävirasto,True,True,False
"LINESTRING Z (439913.1423584597 6901655.672724807 0, 440006.1636017311 6901687.217785808 0, 440149.2912272063 6901760.104459828 0, 440440.11758646666 6902018.356271391 0)",103963826.0,103963790.0,2024-05-02 20:52:17+00:00,2024-05-02 20:54:56+00:00,['BRUSHING'],2024-05-02 20:52:20+00:00,2024-05-02 20:53:21+00:00,,state-roads,Harja/Väylävirasto,True,True,False
"LINESTRING Z (440440.11758646666 6902018.356271391 0, 440577.4132173774 6902106.629469615 0, 440660.0476969575 6902227.963166545 0, 440764.8104649865 6902331.526303257 0, 440842.43498594116 6902369.605066851 0, 440939.6346749167 6902380.376404265 0)",103963861.0,103963826.0,2024-05-02 20:53:18+00:00,2024-05-02 20:55:56+00:00,['BRUSHING'],2024-05-02 20:53:21+00:00,2024-05-02 20:53:43+00:00,,state-roads,Harja/Väylävirasto,True,True,False
"LINESTRING Z (441088.2446400755 6902342.001680474 0, 440963.7720877231 6902381.958258661 0, 440892.2514579688 6902386.557410211 0, 440808.0025420833 6902361.742504572 0, 440743.7272444355 6902317.523639403 0)",103964271.0,103964179.0,2024-05-02 21:06:28+00:00,2024-05-02 21:08:59+00:00,['BRUSHING'],2024-05-02 21:06:31+00:00,2024-05-02 21:08:36+00:00,,state-roads,Harja/Väylävirasto,True,False,False
"LINESTRING Z (440743.7272444355 6902317.523639403 0, 440654.9824645162 6902229.501098329 0, 440573.35847880604 6902109.486793333 0, 440494.4250475002 6902059.625918257 0)",103964330.0,103964271.0,2024-05-02 21:08:33+00:00,2024-05-02 21:11:00+00:00,['BRUSHING'],2024-05-02 21:08:36+00:00,2024-05-02 21:11:36+00:00,,state-roads,Harja/Väylävirasto,True,False,False
"LINESTRING Z (440494.4250475002 6902059.625918257 0, 440424.0203155931 6902021.984191612 0, 440277.15622279764 6901878.173290624 0)",103964420.0,103964330.0,2024-05-02 21:11:33+00:00,2024-05-02 21:14:01+00:00,['BRUSHING'],2024-05-02 21:11:36+00:00,2024-05-02 21:14:05+00:00,,state-roads,Harja/Väylävirasto,True,True,False
"LINESTRING Z (440277.15622279764 6901878.173290624 0, 440174.2315887589 6901783.17196692 0, 440111.0260064486 6901738.834334209 0, 439965.1518660868 6901678.14387482 0)",103964507.0,103964420.0,2024-05-02 21:14:02+00:00,2024-05-02 21:17:01+00:00,['BRUSHING'],2024-05-02 21:14:05+00:00,2024-05-02 21:16:36+00:00,,state-roads,Harja/Väylävirasto,True,True,False
"LINESTRING Z (439965.1518660868 6901678.14387482 0, 439684.11458435236 6901566.618012835 0, 439610.4391930909 6901547.659987518 0)",103964579.0,103964507.0,2024-05-02 21:16:33+00:00,2024-05-02 21:19:02+00:00,['BRUSHING'],2024-05-02 21:16:36+00:00,2024-05-02 21:19:36+00:00,,state-roads,Harja/Väylävirasto,True,True,False
"LINESTRING Z (439610.4391930909 6901547.659987518 0, 439517.1945758611 6901521.478253618 0, 439411.0016548533 6901506.563629561 0)",103964678.0,103964579.0,2024-05-02 21:19:33+00:00,2024-05-02 21:22:03+00:00,['BRUSHING'],2024-05-02 21:19:36+00:00,2024-05-02 21:22:36+00:00,,state-roads,Harja/Väylävirasto,True,False,False
"LINESTRING Z (439411.0016548533 6901506.563629561 0, 439260.5600642781 6901464.816825675 0, 439170.3178605457 6901452.630328447 0)",103964775.0,103964678.0,2024-05-02 21:22:33+00:00,2024-05-02 21:25:03+00:00,['BRUSHING'],2024-05-02 21:22:36+00:00,2024-05-02 21:24:40+00:00,,state-roads,Harja/Väylävirasto,True,False,False
"LINESTRING Z (439017.22232576716 6901494.1791874375 0, 439107.231094161 6901461.9059392745 0, 439146.31731759757 6901456.184390387 0, 439316.60167415865 6901485.645320793 0)",103965253.0,103965167.0,2024-05-02 21:38:39+00:00,2024-05-02 21:41:07+00:00,['BRUSHING'],2024-05-02 21:38:41+00:00,2024-05-02 21:41:41+00:00,,state-roads,Harja/Väylävirasto,True,False,False
"LINESTRING Z (439316.60167415865 6901485.645320793 0, 439602.3597984573 6901546.356478457 0)",103965338.0,103965253.0,2024-05-02 21:41:38+00:00,2024-05-02 21:44:08+00:00,['BRUSHING'],2024-05-02 21:41:41+00:00,2024-05-02 21:44:41+00:00,,state-roads,Harja/Väylävirasto,True,False,False
"LINESTRING Z (439602.3597984573 6901546.356478457 0, 439807.7998605919 6901621.1192485755 0)",103965424.0,103965338.0,2024-05-02 21:44:39+00:00,2024-05-02 21:47:09+00:00,['BRUSHING'],2024-05-02 21:44:41+00:00,2024-05-02 21:47:41+00:00,,state-roads,Harja/Väylävirasto,True,True,False
"LINESTRING Z (439807.7998605919 6901621.1192485755 0, 440086.35435723385 6901733.813748793 0)",103965517.0,103965424.0,2024-05-02 21:47:38+00:00,2024-05-02 21:50:10+00:00,['BRUSHING'],2024-05-02 21:47:41+00:00,2024-05-02 21:50:41+00:00,,state-roads,Harja/Väylävirasto,True,True,False
"LINESTRING Z (440086.35435723385 6901733.813748793 0, 440146.8886105725 6901765.272874896 0, 440202.8712502137 6901812.636674988 0, 440329.70804103743 6901937.411345251 0, 440342.9029805382 6901960.577021631 0)",103965604.0,103965517.0,2024-05-02 21:50:39+00:00,2024-05-02 21:53:10+00:00,['BRUSHING'],2024-05-02 21:50:41+00:00,2024-05-02 21:53:41+00:00,,state-roads,Harja/Väylävirasto,True,True,False
"LINESTRING Z (440342.9029805382 6901960.577021631 0, 440453.7566417857 6902043.185905203 0, 440554.3424017384 6902097.900145006 0)",103965687.0,103965604.0,2024-05-02 21:53:39+00:00,2024-05-02 21:56:11+00:00,['BRUSHING'],2024-05-02 21:53:41+00:00,2024-05-02 21:56:41+00:00,,state-roads,Harja/Väylävirasto,True,True,False
"LINESTRING Z (440554.3424017384 6902097.900145006 0, 440578.3707687097 6902119.649533109 0, 440640.2864906795 6902212.377822008 0, 440675.3603627845 6902253.544110078 0)",103965776.0,103965687.0,2024-05-02 21:56:38+00:00,2024-05-02 21:59:12+00:00,['BRUSHING'],2024-05-02 21:56:41+00:00,2024-05-02 21:59:41+00:00,,state-roads,Harja/Väylävirasto,True,False,False
"LINESTRING Z (440675.3603627845 6902253.544110078 0, 440759.031849758 6902333.85663656 0, 440823.4948123008 6902376.958210704 0, 440885.1193136222 6902391.696993565 0, 440955.54704103555 6902387.005449726 0)",103965859.0,103965776.0,2024-05-02 21:59:39+00:00,2024-05-02 22:02:12+00:00,['BRUSHING'],2024-05-02 21:59:41+00:00,2024-05-02 22:02:41+00:00,,state-roads,Harja/Väylävirasto,True,False,False
"LINESTRING Z (440832.2018866011 6902375.690731536 0, 440788.8162780871 6902358.068895087 0, 440704.69951060327 6902287.791947236 0, 440647.2637203303 6902224.95737364 0, 440594.9466321385 6902140.193589724 0)",103966280.0,103966218.0,2024-05-02 22:14:27+00:00,2024-05-02 22:17:16+00:00,['BRUSHING'],2024-05-02 22:14:30+00:00,2024-05-02 22:17:30+00:00,,state-roads,Harja/Väylävirasto,True,False,False
"LINESTRING Z (440594.9466321385 6902140.193589724 0, 440567.31548933906 6902105.693624854 0, 440438.53145116084 6902034.429889477 0, 440370.3912881612 6901978.029366006 0, 440348.8676818971 6901968.716852755 0, 440326.3718661381 6901933.9048587615 0)",103966375.0,103966280.0,2024-05-02 22:17:27+00:00,2024-05-02 22:20:16+00:00,['BRUSHING'],2024-05-02 22:17:30+00:00,2024-05-02 22:20:30+00:00,,state-roads,Harja/Väylävirasto,True,True,False
"LINESTRING Z (440326.3718661381 6901933.9048587615 0, 440205.773756793 6901818.045019646 0)",103966465.0,103966375.0,2024-05-02 22:20:27+00:00,2024-05-02 22:23:17+00:00,['BRUSHING'],2024-05-02 22:20:30+00:00,2024-05-02 22:23:30+00:00,,state-roads,Harja/Väylävirasto,True,True,False
"LINESTRING Z (440205.773756793 6901818.045019646 0, 440172.3969189661 6901785.210293317 0, 440110.32404049963 6901743.192504567 0, 440000.44764509704 6901696.011087632 0)",103966557.0,103966465.0,2024-05-02 22:23:27+00:00,2024-05-02 22:26:18+00:00,['BRUSHING'],2024-05-02 22:23:30+00:00,2024-05-02 22:26:30+00:00,,state-roads,Harja/Väylävirasto,True,True,False
"LINESTRING Z (440000.44764509704 6901696.011087632 0, 439935.63152732246 6901675.216617884 0)",103966648.0,103966557.0,2024-05-02 22:26:27+00:00,2024-05-02 22:29:19+00:00,['BRUSHING'],2024-05-02 22:26:30+00:00,2024-05-02 22:29:30+00:00,,state-roads,Harja/Väylävirasto,True,True,False
"LINESTRING Z (439935.63152732246 6901675.216617884 0, 439674.3406221766 6901572.253240248 0)",103966741.0,103966648.0,2024-05-02 22:29:27+00:00,2024-05-02 22:32:19+00:00,['BRUSHING'],2024-05-02 22:29:30+00:00,2024-05-02 22:32:30+00:00,,state-roads,Harja/Väylävirasto,True,True,False
"LINESTRING Z (439674.3406221766 6901572.253240248 0, 439566.6268939578 6901539.086860645 0, 439449.5650638396 6901515.117795947 0, 439485.44864867226 6901527.843439874 0, 439479.72112991463 6901524.380784796 0)",103966831.0,103966741.0,2024-05-02 22:32:27+00:00,2024-05-02 22:35:20+00:00,['BRUSHING'],2024-05-02 22:32:30+00:00,2024-05-02 22:35:30+00:00,,state-roads,Harja/Väylävirasto,True,True,False
"LINESTRING Z (439479.72112991463 6901524.380784796 0, 439458.98798170156 6901524.642429302 0, 439491.54372902785 6901528.625222851 0, 439462.50490990985 6901520.790586677 0)",103966924.0,103966831.0,2024-05-02 22:35:27+00:00,2024-05-02 22:38:21+00:00,['BRUSHING'],2024-05-02 22:35:30+00:00,2024-05-02 22:38:30+00:00,,state-roads,Harja/Väylävirasto,True,False,False
"LINESTRING Z (439462.50490990985 6901520.790586677 0, 439489.4214787012 6901529.109109057 0, 439321.4381030246 6901488.678064398 0)",103967015.0,103966924.0,2024-05-02 22:38:27+00:00,2024-05-02 22:41:21+00:00,['BRUSHING'],2024-05-02 22:38:30+00:00,2024-05-02 22:41:30+00:00,,state-roads,Harja/Väylävirasto,True,False,False
"LINESTRING Z (439321.4381030246 6901488.678064398 0, 439339.40992287564 6901490.916786226 0, 439170.4302462989 6901455.971140802 0, 439101.15844120114 6901465.247285171 0)",103967113.0,103967015.0,2024-05-02 22:41:27+00:00,2024-05-02 22:44:22+00:00,['BRUSHING'],2024-05-02 22:41:30+00:00,2024-05-02 22:44:30+00:00,,state-roads,Harja/Väylävirasto,True,False,False
"LINESTRING Z (439059.3332145892 6901474.696112042 0, 439135.3152701471 6901451.369162571 0, 439236.0502400662 6901454.562358263 0, 439382.5794604225 6901492.590028669 0, 439394.3048440644 6901502.964421489 0, 439459.95447548904 6901511.922249972 0)",103968054.0,103967962.0,2024-05-02 23:08:34+00:00,2024-05-02 23:11:29+00:00,['BRUSHING'],2024-05-02 23:08:37+00:00,2024-05-02 23:10:13+00:00,,state-roads,Harja/Väylävirasto,True,False,False
"LINESTRING Z (439459.95447548904 6901511.922249972 0, 439617.79114858643 6901546.079449822 0, 439868.1398705698 6901638.537052227 0)",103968113.0,103968054.0,2024-05-02 23:10:11+00:00,2024-05-02 23:12:30+00:00,['BRUSHING'],2024-05-02 23:10:13+00:00,2024-05-02 23:11:53+00:00,,state-roads,Harja/Väylävirasto,True,True,False
"LINESTRING Z (439868.1398705698 6901638.537052227 0, 440085.9663513821 6901720.78364216 0, 440167.9266841358 6901773.478497758 0, 440218.5299994854 6901819.378258863 0)",103968165.0,103968113.0,2024-05-02 23:11:50+00:00,2024-05-02 23:14:30+00:00,['BRUSHING'],2024-05-02 23:11:53+00:00,2024-05-02 23:14:30+00:00,,state-roads,Harja/Väylävirasto,True,True,False
"LINESTRING Z (440218.5299994854 6901819.378258863 0, 440345.92987194244 6901931.99793445 0, 440352.59704743116 6901944.582407138 0, 440361.3356623495 6901988.998379122 0, 440439.9991929631 6902038.08099751 0, 440518.9764764849 6902069.77720905 0)",103968257.0,103968165.0,2024-05-02 23:14:27+00:00,2024-05-02 23:16:31+00:00,['BRUSHING'],2024-05-02 23:14:30+00:00,2024-05-02 23:15:36+00:00,,state-roads,Harja/Väylävirasto,True,True,False
"LINESTRING Z (440518.9764764849 6902069.77720905 0, 440582.94182954653 6902113.6631319355 0, 440652.0169839628 6902217.5192963 0, 440751.11827368906 6902321.181935277 0, 440791.749617778 6902350.551633946 0, 440865.37382209976 6902376.890081212 0)",103968291.0,103968257.0,2024-05-02 23:15:33+00:00,2024-05-02 23:18:31+00:00,['BRUSHING'],2024-05-02 23:15:36+00:00,2024-05-02 23:16:37+00:00,,state-roads,Harja/Väylävirasto,True,False,False
"LINESTRING Z (441531.325266632 6902088.573445645 0, 441467.4569491112 6902133.140740207 0, 441442.66869238846 6902165.885951615 0, 441425.624027876 6902165.84849121 0, 441412.6091989822 6902146.575539844 0, 441399.7144525402 6902095.432539591 0, 441380.24981678044 6902063.903740541 0, 441346.02821022755 6902038.426553568 0, 441249.8269148743 6901990.0750577785 0, 441198.4845897261 6901945.510190487 0, 441163.48300916824 6901902.331593019 0, 441081.8111980746 6901770.049130065 0, 441003.42608335 6901683.284449487 0)",103968910.0,103968868.0,2024-05-02 23:34:22+00:00,2024-05-02 23:36:36+00:00,['BRUSHING'],2024-05-02 23:34:25+00:00,2024-05-02 23:35:26+00:00,,state-roads,Harja/Väylävirasto,True,False,False
"LINESTRING Z (441003.42608335 6901683.284449487 0, 440917.87957982905 6901626.955396545 0, 440795.50938101567 6901592.893186696 0, 440383.83326890826 6901601.723974803 0, 440067.7964821987 6901555.6374929175 0, 439687.3503004152 6901529.677403139 0)",103968943.0,103968910.0,2024-05-02 23:35:23+00:00,2024-05-02 23:37:36+00:00,['BRUSHING'],2024-05-02 23:35:26+00:00,2024-05-02 23:35:53+00:00,,state-roads,Harja/Väylävirasto,True,True,True
"LINESTRING Z (439687.3503004152 6901529.677403139 0, 439514.4821706319 6901506.484256626 0, 439228.5435054584 6901433.192335403 0, 439117.16404139576 6901416.263453884 0)",103968960.0,103968943.0,2024-05-02 23:35:50+00:00,2024-05-02 23:38:37+00:00,['BRUSHING'],2024-05-02 23:35:53+00:00,2024-05-02 23:35:53+00:00,,state-roads,Harja/Väylävirasto,True,True,False
"LINESTRING Z (439129.85605061916 6901402.439540989 0, 439260.7511701071 6901423.584984941 0, 439499.471405068 6901486.808595115 0, 439611.565782486 6901506.188610704 0, 440050.07516898605 6901538.2362957 0, 440358.87014563347 6901583.223844217 0, 440526.03925769177 6901587.506857254 0)",104004688.0,104004501.0,2024-05-03 06:37:01+00:00,2024-05-03 06:39:56+00:00,['BRUSHING'],2024-05-03 06:37:02+00:00,2024-05-03 06:38:03+00:00,,state-roads,Harja/Väylävirasto,True,True,True
"LINESTRING Z (440526.03925769177 6901587.506857254 0, 440729.6614598974 6901578.230138028 0, 440816.68911839754 6901582.603487257 0, 440899.1624389081 6901602.881712197 0, 440973.6973583152 6901638.789555116 0, 441048.17889680056 6901698.433854728 0, 441158.53428506025 6901833.3335937215 0, 441293.7453062293 6901910.083843876 0, 441372.18181521195 6902000.531212457 0, 441424.29248482676 6902098.347179357 0)",104004880.0,104004688.0,2024-05-03 06:38:02+00:00,2024-05-03 06:40:57+00:00,['BRUSHING'],2024-05-03 06:38:03+00:00,2024-05-03 06:39:04+00:00,,state-roads,Harja/Väylävirasto,True,True,False
"LINESTRING Z (440911.35808821814 6902388.673024911 0, 440854.82612710807 6902379.861251905 0, 440769.1603149848 6902342.480968226 0, 440661.7869218417 6902238.183776784 0, 440576.9665524793 6902110.760167813 0, 440411.9632113866 6902007.266528906 0, 440267.2625968753 6901871.217626107 0)",104029262.0,104029064.0,2024-05-03 08:39:31+00:00,2024-05-03 08:41:47+00:00,['BRUSHING'],2024-05-03 08:39:30+00:00,2024-05-03 08:40:31+00:00,,state-roads,Harja/Väylävirasto,True,True,False
"LINESTRING Z (440267.2625968753 6901871.217626107 0, 440169.1207485628 6901779.251485212 0, 440075.3390986747 6901725.207197448 0, 439683.776823253 6901570.969752504 0, 439462.72829277423 6901512.986610904 0)",104029515.0,104029262.0,2024-05-03 08:40:32+00:00,2024-05-03 08:42:48+00:00,['BRUSHING'],2024-05-03 08:40:31+00:00,2024-05-03 08:41:32+00:00,,state-roads,Harja/Väylävirasto,True,True,False
"LINESTRING Z (439462.72829277423 6901512.986610904 0, 439229.6942303374 6901462.365711521 0, 439156.0992581268 6901453.890318487 0, 438997.66234316304 6901496.093827611 0, 438730.12570600066 6901472.207434557 0, 438598.5653945509 6901503.020458416 0)",104029726.0,104029515.0,2024-05-03 08:41:33+00:00,2024-05-03 08:43:50+00:00,['BRUSHING'],2024-05-03 08:41:32+00:00,2024-05-03 08:42:37+00:00,,state-roads,Harja/Väylävirasto,True,False,False
"LINESTRING Z (438489.8249193593 6901539.549916475 0, 438497.8426315507 6901545.9776121285 0, 438569.24455067987 6901508.347201619 0, 438695.4652494373 6901472.616040366 0, 438765.5330997223 6901470.002733985 0, 438980.7057760807 6901495.398506435 0, 439034.9289405439 6901487.5068341615 0, 439141.50241082156 6901451.48008191 0, 439259.50278885773 6901463.833062877 0)",104034315.0,104034117.0,2024-05-03 09:03:16+00:00,2024-05-03 09:05:26+00:00,['BRUSHING'],2024-05-03 09:03:15+00:00,2024-05-03 09:04:16+00:00,,state-roads,Harja/Väylävirasto,True,False,False
"LINESTRING Z (439259.50278885773 6901463.833062877 0, 439645.306609815 6901553.051322024 0, 440074.74053071544 6901717.863645453 0)",104034486.0,104034315.0,2024-05-03 09:04:17+00:00,2024-05-03 09:06:28+00:00,['BRUSHING'],2024-05-03 09:04:16+00:00,2024-05-03 09:05:17+00:00,,state-roads,Harja/Väylävirasto,True,True,False
"LINESTRING Z (440074.74053071544 6901717.863645453 0, 440123.898399784 6901740.833719039 0, 440169.4150758853 6901775.34628913 0, 440433.2891117493 6902014.242965224 0, 440571.7161538639 6902101.827336466 0, 440680.48623368243 6902249.553741612 0)",104034780.0,104034486.0,2024-05-03 09:05:18+00:00,2024-05-03 09:07:29+00:00,['BRUSHING'],2024-05-03 09:05:17+00:00,2024-05-03 09:06:18+00:00,,state-roads,Harja/Väylävirasto,True,True,False
"LINESTRING Z (440680.48623368243 6902249.553741612 0, 440759.55800390575 6902325.378908604 0, 440791.63687481737 6902347.099379642 0, 440849.2828334652 6902371.936004692 0, 440909.1785335431 6902382.917119223 0, 440969.2577894624 6902377.739161826 0, 441153.264572378 6902316.237951902 0, 441275.8437033652 6902250.9162665475 0)",104034973.0,104034780.0,2024-05-03 09:06:19+00:00,2024-05-03 09:08:31+00:00,['BRUSHING'],2024-05-03 09:06:18+00:00,2024-05-03 09:08:14+00:00,,state-roads,Harja/Väylävirasto,True,False,False
"LINESTRING Z (438604.2780919144 6901494.224760871 0, 438672.2661488787 6901474.48746458 0, 438743.3959081272 6901467.397197721 0, 438981.68634626106 6901492.149299188 0, 439118.2369171149 6901452.569626694 0, 439175.4170745583 6901447.189575184 0, 439452.771909071 6901505.58869939 0)",104147131.0,104147116.0,2024-05-05 01:56:55+00:00,2024-05-05 01:59:51+00:00,['BRUSHING'],2024-05-05 01:56:56+00:00,2024-05-05 01:57:35+00:00,,state-roads,Harja/Väylävirasto,True,False,False
"LINESTRING Z (439452.771909071 6901505.58869939 0, 439645.83017994335 6901553.264783835 0, 439940.82158830937 6901668.995427772 0)",104147136.0,104147131.0,2024-05-05 01:57:34+00:00,2024-05-05 01:59:51+00:00,['BRUSHING'],2024-05-05 01:57:35+00:00,2024-05-05 01:57:35+00:00,,state-roads,Harja/Väylävirasto,True,True,False
"LINESTRING Z (438989.55427110376 6901493.232305357 0, 439100.22176948964 6901456.572841799 0, 439169.23395708663 6901447.301376896 0, 439254.47786906996 6901456.123830217 0, 439402.5575160745 6901493.678655521 0)",104179884.0,104179826.0,2024-05-05 22:58:14+00:00,2024-05-05 23:01:11+00:00,['BRUSHING'],2024-05-05 22:58:14+00:00,2024-05-05 22:59:15+00:00,,state-roads,Harja/Väylävirasto,True,False,False
"LINESTRING Z (439402.5575160745 6901493.678655521 0, 439639.7911305065 6901549.807450393 0, 439923.2195441504 6901658.278421683 0)",104179903.0,104179884.0,2024-05-05 22:59:15+00:00,2024-05-05 23:02:11+00:00,['BRUSHING'],2024-05-05 22:59:15+00:00,2024-05-05 23:00:16+00:00,,state-roads,Harja/Väylävirasto,True,True,False
"LINESTRING Z (439923.2195441504 6901658.278421683 0, 440002.4949480393 6901685.50037929 0, 440130.77976229996 6901744.945475521 0, 440378.82083657436 6901961.054401628 0)",104179924.0,104179903.0,2024-05-05 23:00:16+00:00,2024-05-05 23:03:11+00:00,['BRUSHING'],2024-05-05 23:00:16+00:00,2024-05-05 23:01:17+00:00,,state-roads,Harja/Väylävirasto,True,True,False
"LINESTRING Z (440378.82083657436 6901961.054401628 0, 440438.60117161815 6902017.825989145 0, 440575.3998035001 6902104.436500369 0, 440666.7333777981 6902232.859427484 0, 440753.07361393416 6902323.0417467 0, 440789.65119907877 6902346.465778485 0)",104179945.0,104179924.0,2024-05-05 23:01:17+00:00,2024-05-05 23:04:11+00:00,['BRUSHING'],2024-05-05 23:01:17+00:00,2024-05-05 23:02:18+00:00,,state-roads,Harja/Väylävirasto,True,True,False
"LINESTRING Z (440789.65119907877 6902346.465778485 0, 440845.0086652243 6902374.128301533 0, 440916.2390557309 6902382.570206987 0, 440996.64680842304 6902366.227225178 0, 441210.68518492195 6902286.708405327 0)",104179966.0,104179945.0,2024-05-05 23:02:18+00:00,2024-05-05 23:05:12+00:00,['BRUSHING'],2024-05-05 23:02:18+00:00,2024-05-05 23:03:21+00:00,,state-roads,Harja/Väylävirasto,True,False,False
"LINESTRING Z (438632.94715897104 6901487.3502170695 0, 438765.66540398134 6901471.560324173 0, 438992.7777042642 6901493.285273676 0, 439153.35307154804 6901451.488569272 0, 439317.8997780011 6901476.930516921 0)",104317660.0,104317637.0,2024-05-06 22:19:42+00:00,2024-05-06 22:21:47+00:00,['BRUSHING'],2024-05-06 22:19:42+00:00,2024-05-06 22:20:43+00:00,,state-roads,Harja/Väylävirasto,True,False,False
"LINESTRING Z (439317.8997780011 6901476.930516921 0, 439649.6730236148 6901555.981533808 0, 439973.85849803034 6901676.762789611 0)",104317683.0,104317660.0,2024-05-06 22:20:43+00:00,2024-05-06 22:22:48+00:00,['BRUSHING'],2024-05-06 22:20:43+00:00,2024-05-06 22:21:44+00:00,,state-roads,Harja/Väylävirasto,True,True,False
"LINESTRING Z (439973.85849803034 6901676.762789611 0, 440115.1486441623 6901736.866667134 0, 440148.27238660585 6901758.339749334 0, 440421.05844742287 6902007.328254941 0, 440543.76434060984 6902084.493011879 0)",104317712.0,104317683.0,2024-05-06 22:21:44+00:00,2024-05-06 22:23:48+00:00,['BRUSHING'],2024-05-06 22:21:44+00:00,2024-05-06 22:22:45+00:00,,state-roads,Harja/Väylävirasto,True,True,False
"LINESTRING Z (440543.76434060984 6902084.493011879 0, 440590.97023974534 6902126.892566546 0, 440666.49329706264 6902233.977934689 0, 440752.6364638578 6902321.823750239 0, 440794.3419850004 6902353.180242326 0, 440828.0649573199 6902367.963628056 0, 440901.7789397119 6902381.710027146 0, 440955.66398774646 6902378.869228433 0, 441032.611605059 6902357.796509976 0)",104317735.0,104317712.0,2024-05-06 22:22:45+00:00,2024-05-06 22:24:48+00:00,['BRUSHING'],2024-05-06 22:22:45+00:00,2024-05-06 22:23:46+00:00,,state-roads,Harja/Väylävirasto,True,False,False
"LINESTRING Z (438764.70176131633 6901470.01786681 0, 438997.3757308064 6901491.753321733 0, 439123.3868948565 6901452.810711497 0, 439166.90587515733 6901447.900616452 0, 439403.19326643227 6901497.2328988025 0)",104461531.0,104461486.0,2024-05-07 20:46:32+00:00,2024-05-07 20:48:33+00:00,['BRUSHING'],2024-05-07 20:46:32+00:00,2024-05-07 20:47:33+00:00,,state-roads,Harja/Väylävirasto,True,False,False
"LINESTRING Z (439403.19326643227 6901497.2328988025 0, 439654.4271114689 6901557.344807281 0, 440014.8673158691 6901694.416779936 0)",104461570.0,104461531.0,2024-05-07 20:47:33+00:00,2024-05-07 20:49:34+00:00,['BRUSHING'],2024-05-07 20:47:33+00:00,2024-05-07 20:48:34+00:00,,state-roads,Harja/Väylävirasto,True,True,False
"LINESTRING Z (440014.8673158691 6901694.416779936 0, 440143.99034672853 6901757.190243618 0, 440416.3737022784 6902003.956999175 0, 440521.1280655608 6902070.964857 0)",104461604.0,104461570.0,2024-05-07 20:48:34+00:00,2024-05-07 20:50:34+00:00,['BRUSHING'],2024-05-07 20:48:34+00:00,2024-05-07 20:49:35+00:00,,state-roads,Harja/Väylävirasto,True,True,False
"LINESTRING Z (440521.1280655608 6902070.964857 0, 440592.03754332894 6902125.536586929 0, 440660.9925666355 6902228.503630421 0, 440765.8150822372 6902332.5114515675 0, 440855.8983763354 6902375.831020352 0, 440928.73025997303 6902380.790786536 0)",104461651.0,104461604.0,2024-05-07 20:49:35+00:00,2024-05-07 20:52:35+00:00,['BRUSHING'],2024-05-07 20:49:35+00:00,2024-05-07 20:50:36+00:00,,state-roads,Harja/Väylävirasto,True,False,False
"LINESTRING Z (440452.71173177817 6902042.8701235335 0, 440452.5558827621 6902042.872882873 0)",104809451.0,,2024-05-12 20:19:47+00:00,2024-05-12 20:22:10+00:00,['BRUSHING'],2024-05-12 20:19:47+00:00,2024-05-12 20:20:38+00:00,,state-roads,Harja/Väylävirasto,True,False,False
POINT Z (440452.5558827621 6902042.872882873 0),104809469.0,104809451.0,2024-05-12 20:20:38+00:00,2024-05-12 20:23:11+00:00,['BRUSHING'],2024-05-12 20:20:38+00:00,2024-05-12 20:20:38+00:00,,state-roads,Harja/Väylävirasto,True,False,False
"LINESTRING Z (439945.9383335633 6901679.043984539 0, 439945.88637823274 6901679.044912119 0)",104809724.0,,2024-05-12 20:32:08+00:00,2024-05-12 20:34:13+00:00,['BRUSHING'],2024-05-12 20:32:08+00:00,2024-05-12 20:33:06+00:00,,state-roads,Harja/Väylävirasto,True,True,False
POINT Z (439945.88637823274 6901679.044912119 0),104809745.0,104809724.0,2024-05-12 20:33:06+00:00,2024-05-12 20:35:14+00:00,['BRUSHING'],2024-05-12 20:33:06+00:00,2024-05-12 20:33:06+00:00,,state-roads,Harja/Väylävirasto,True,True,False
POINT Z (439219.54252074944 6901464.331965526 0),104809916.0,,2024-05-12 20:40:19+00:00,2024-05-12 20:43:15+00:00,['BRUSHING'],2024-05-12 20:40:19+00:00,2024-05-12 20:40:19+00:00,,state-roads,Harja/Väylävirasto,True,False,False
"LINESTRING Z (438916.6692204215 6901478.063572809 0, 439246.94383928576 6901456.259883738 0)",104810093.0,104810075.0,2024-05-12 20:48:03+00:00,2024-05-12 20:50:17+00:00,['BRUSHING'],2024-05-12 20:48:03+00:00,2024-05-12 20:52:20+00:00,,state-roads,Harja/Väylävirasto,True,False,False
"LINESTRING Z (439246.94383928576 6901456.259883738 0, 439246.839921635 6901456.2617604565 0)",104810188.0,104810093.0,2024-05-12 20:52:20+00:00,2024-05-12 20:55:18+00:00,['BRUSHING'],2024-05-12 20:52:20+00:00,2024-05-12 20:52:42+00:00,,state-roads,Harja/Väylävirasto,True,False,False
"LINESTRING Z (439246.839921635 6901456.2617604565 0, 439287.4032275036 6901469.012240405 0)",104810193.0,104810188.0,2024-05-12 20:52:42+00:00,2024-05-12 20:55:18+00:00,['BRUSHING'],2024-05-12 20:52:42+00:00,2024-05-12 20:52:42+00:00,,state-roads,Harja/Väylävirasto,True,False,False
POINT Z (440066.1246874867 6901712.668630111 0),104810311.0,,2024-05-12 20:57:27+00:00,2024-05-12 21:00:19+00:00,['BRUSHING'],2024-05-12 20:57:27+00:00,2024-05-12 20:57:27+00:00,,state-roads,Harja/Väylävirasto,True,True,False
"LINESTRING Z (438131.5219413302 6901458.314656969 0, 438277.50041841966 6901445.715936598 0, 438523.05994056456 6901449.799445467 0, 438842.0637738638 6901408.327764227 0, 439014.21848157543 6901397.291048275 0, 439208.975151777 6901420.285947859 0, 439415.9101798084 6901484.746770058 0, 439612.44723301334 6901520.546976878 0)",105928474.0,105928445.0,2024-05-23 21:58:49+00:00,2024-05-23 22:01:01+00:00,['BRUSHING'],2024-05-23 21:58:49+00:00,2024-05-23 21:59:50+00:00,,state-roads,Harja/Väylävirasto,True,False,False
"LINESTRING Z (439612.44723301334 6901520.546976878 0, 440082.72556243185 6901544.674506844 0, 440381.9759336539 6901596.631238311 0, 440797.98859891336 6901589.061036438 0, 440859.3952641171 6901599.457841801 0, 440952.1513144403 6901640.059120201 0)",105928511.0,105928474.0,2024-05-23 21:59:50+00:00,2024-05-23 22:02:01+00:00,['BRUSHING'],2024-05-23 21:59:50+00:00,2024-05-23 22:00:51+00:00,,state-roads,Harja/Väylävirasto,True,True,True
"LINESTRING Z (440952.1513144403 6901640.059120201 0, 441053.3769483235 6901716.28246988 0, 441135.1534530264 6901824.717132208 0, 441185.04959637136 6901869.640653425 0, 441288.4095428134 6901919.9825240895 0, 441327.71334672207 6901950.7189750485 0, 441390.60159017175 6902028.735382219 0, 441405.8340913114 6902064.906460815 0, 441414.29980787594 6902103.42400288 0, 441427.3027120557 6902119.020093993 0, 441468.5617895531 6902121.978857668 0, 441556.43341715564 6902065.183186892 0)",105928544.0,105928511.0,2024-05-23 22:00:51+00:00,2024-05-23 22:03:01+00:00,['BRUSHING'],2024-05-23 22:00:51+00:00,2024-05-23 22:01:52+00:00,,state-roads,Harja/Väylävirasto,True,False,False
"LINESTRING Z (441342.16069941624 6902049.079532335 0, 441255.74322357454 6901998.551571818 0, 441214.0502622345 6901961.95209971 0, 441159.42749393283 6901896.274068102 0, 441101.2405346134 6901796.339850094 0, 441021.9385227205 6901701.679512104 0, 440962.9052933006 6901657.587228959 0, 440895.50520116417 6901625.45420006 0, 440740.6755537366 6901592.744453491 0, 440472.2625279603 6901603.055039715 0, 440324.81127859367 6901599.873411658 0, 440107.5354391177 6901557.381129469 0)",105929176.0,105929147.0,2024-05-23 22:23:46+00:00,2024-05-23 22:26:06+00:00,['BRUSHING'],2024-05-23 22:23:45+00:00,2024-05-23 22:24:46+00:00,,state-roads,Harja/Väylävirasto,True,True,True
"LINESTRING Z (440107.5354391177 6901557.381129469 0, 439906.0207289072 6901545.040893671 0, 439761.71872470033 6901558.318911945 0, 439707.52512848144 6901573.663992681 0, 439496.09784081695 6901524.64333206 0, 439229.72081574297 6901435.065345305 0, 439076.74918617844 6901414.655130366 0, 438799.6230786349 6901418.236721061 0, 438630.44088899926 6901446.835939766 0)",105929209.0,105929176.0,2024-05-23 22:24:48+00:00,2024-05-23 22:27:06+00:00,['BRUSHING'],2024-05-23 22:24:46+00:00,2024-05-23 22:25:47+00:00,,state-roads,Harja/Väylävirasto,True,True,True
